jobnumber,jobname,polenumber,houseno,address,city,zip,homephone,appointmentdate,appointmenttime,meetinglocation,staker,feeder,longitude,latitude,time_stamp,business_days,day_class
50000000,John Doe_,99999,123,ABC,New York,3610,999-999-9999,6/30/2019,10:30:00 AM,Take my horse down old town road,None,ZE50,-96.95533982,30.50728637,43619.61344,2081877,9999 Year
50000001,John Doe_,99999,123,ABC,New York,3610,999-999-10000,7/1/2019,10:30:00 AM,Take my horse down old town road,None,ZE51,-97.29850591,30.3156217,43619.61344,2,2 Business Days
50000002,John Doe_,99999,123,ABC,New York,3610,999-999-10001,7/2/2019,10:30:00 AM,Take my horse down old town road,None,ZE52,-96.64587286,30.32490719,43619.61344,2081863,9999 Year
50000003,John Doe_,99999,123,ABC,New York,3610,999-999-10002,7/3/2019,15:30:00,Take my horse down old town road,None,ZE53,-97.62958586,29.97932964,43619.61344,2081847,9999 Year
50000004,John Doe_,99999,123,ABC,New York,3610,999-999-10003,7/4/2019,13:30:00,Take my horse down old town road,None,ZE54,-97.65034808,30.07602917,43619.61344,2081859,9999 Year
50000005,John Doe_,99999,123,ABC,New York,3610,999-999-10004,7/5/2019,15:30:00,Take my horse down old town road,None,ZE55,-97.52212968,30.20872138,43619.61344,2081869,9999 Year
50000006,John Doe_,99999,123,ABC,New York,3610,999-999-10005,7/6/2019,8:30:00 AM,Take my horse down old town road,None,ZE56,-97.89953827,29.8233213,43619.61344,2081844,9999 Year
50000007,John Doe_,99999,123,ABC,New York,3610,999-999-10006,7/7/2019,8:30:00 AM,Take my horse down old town road,None,ZE57,-97.98538603,29.82979752,43619.61344,2081822,9999 Year
50000008,John Doe_,99999,123,ABC,New York,3610,999-999-10007,7/8/2019,8:30:00 AM,Take my horse down old town road,None,ZE58,-97.63480286,29.75575605,43619.61344,0,Today
50000009,John Doe_,99999,123,ABC,New York,3610,999-999-10008,7/9/2019,8:30:00 AM,Take my horse down old town road,None,ZE59,-97.32201198,30.09679001,43619.61344,2081822,9999 Year
50000010,John Doe_,99999,123,ABC,New York,3610,999-999-10009,7/10/2019,8:30:00 AM,Take my horse down old town road,None,ZE60,-96.41851092,30.26903529,43619.61344,2081798,9999 Year
50000011,John Doe_,99999,123,ABC,New York,3610,999-999-10010,7/11/2019,10:30:00 AM,Take my horse down old town road,None,ZE61,-96.99439828,30.07565396,43619.61344,2081794,9999 Year
50000012,John Doe_,99999,123,ABC,New York,3610,999-999-10011,7/12/2019,15:30:00,Take my horse down old town road,None,ZE62,-97.55719896,30.34819671,43619.61344,2081787,9999 Year
50000013,John Doe_,99999,123,ABC,New York,3610,999-999-10012,7/13/2019,8:30:00 AM,Take my horse down old town road,None,ZE63,-97.52421114,29.96133921,43619.61344,2081794,9999 Year
50000014,John Doe_,99999,123,ABC,New York,3610,999-999-10013,7/14/2019,8:30:00 AM,Take my horse down old town road,Swaggg,ZE64,-97.67578446,29.95268346,43619.61344,2082014,9999 Year
50000015,John Doe_,99999,123,ABC,New York,3610,999-999-10014,7/15/2019,13:30:00,Take my horse down old town road,None,ZE65,-97.52246646,30.2696412,43619.61344,2082004,9999 Year
50000016,John Doe_,99999,123,ABC,New York,3610,999-999-10015,7/16/2019,13:30:00,Take my horse down old town road,None,ZE66,-97.20768333,30.27719129,43619.61344,2081949,9999 Year
50000017,John Doe_,99999,123,ABC,New York,3610,999-999-10016,7/17/2019,8:30:00 AM,Take my horse down old town road,None,ZE67,-97.08500649,30.34430109,43619.61344,2081923,9999 Year
50000018,John Doe_,99999,123,ABC,New York,3610,999-999-10017,7/18/2019,13:30:00,Take my horse down old town road,peter parker,ZE68,-97.45461369,29.77738766,43619.61344,2081903,9999 Year
50000019,John Doe_,99999,123,ABC,New York,3610,999-999-10018,7/19/2019,8:30:00 AM,Take my horse down old town road,Aidan Man,ZE69,-97.63783599,29.74786703,43619.61344,2081903,9999 Year
50000020,John Doe_,99999,123,ABC,New York,3610,999-999-10019,7/20/2019,13:30:00,Take my horse down old town road,None,ZE70,-97.36956045,30.26340957,43619.61344,2081894,9999 Year
50000021,John Doe_,99999,123,ABC,New York,3610,999-999-10020,7/21/2019,13:30:00,Take my horse down old town road,None,ZE71,-97.28692386,30.07257093,43619.61344,2081889,9999 Year
50000022,John Doe_,99999,123,ABC,New York,3610,999-999-10021,7/22/2019,8:30:00 AM,Take my horse down old town road,None,ZE72,-97.25719579,30.09254977,43619.61344,2081867,9999 Year
50000023,John Doe_,99999,123,ABC,New York,3610,999-999-10022,7/23/2019,8:30:00 AM,Take my horse down old town road,None,ZE73,-97.20309854,30.04556762,43619.61344,2081864,9999 Year
50000024,John Doe_,99999,123,ABC,New York,3610,999-999-10023,7/24/2019,8:30:00 AM,Take my horse down old town road,None,ZE74,-96.92146002,30.20751379,43619.61344,1,Next Business Day
50000025,John Doe_,99999,123,ABC,New York,3610,999-999-10024,7/25/2019,8:30:00 AM,Take my horse down old town road,None,ZE75,-97.33054032,30.43022099,43619.61344,1,Next Business Day
50000026,John Doe_,99999,123,ABC,New York,3610,999-999-10025,7/26/2019,15:30:00,Take my horse down old town road,None,ZE76,-96.60784469,30.15214459,43619.61344,4,4 Business Days
50000027,John Doe_,99999,123,ABC,New York,3610,999-999-10026,7/27/2019,13:30:00,Take my horse down old town road,None,ZE77,-96.89766929,30.32019986,43619.61344,1,Next Business Day
50000028,John Doe_,99999,123,ABC,New York,3610,999-999-10027,7/28/2019,7:00:00 AM,Take my horse down old town road,None,AB65,-97.49962556,29.92340356,43619.61344,15,More than 5 business days
50000029,John Doe_,99999,123,ABC,New York,3610,999-999-10028,7/29/2019,8:00:00 AM,Take my horse down old town road,None,AB66,-96.4510638,30.16387932,43619.61344,2,2 Business Days
50000030,John Doe_,99999,123,ABC,New York,3610,999-999-10029,7/30/2019,13:30:00,Take my horse down old town road,None,AB67,-97.17872669,30.0774904,43619.61344,2,2 Business Days
50000031,John Doe_,99999,123,ABC,New York,3610,999-999-10030,7/31/2019,13:30:00,Take my horse down old town road,None,AB68,-97.33089473,30.4328033,43619.61344,1,Next Business Day
50000032,John Doe_,99999,123,ABC,New York,3610,999-999-10031,8/1/2019,8:30:00 AM,Take my horse down old town road,None,AB69,-96.54004311,30.49396374,43619.61344,3,3 Business Days
50000033,John Doe_,99999,123,ABC,New York,3610,999-999-10032,8/2/2019,7:00:00 AM,Take my horse down old town road,None,AB70,-96.39807952,30.05448261,43619.61344,2,2 Business Days
50000034,John Doe_,99999,123,ABC,New York,3610,999-999-10033,8/3/2019,8:00:00 AM,Take my horse down old town road,None,AB71,-96.53513252,30.27922943,43619.61344,3,3 Business Days
50000035,John Doe_,99999,123,ABC,New York,3610,999-999-10034,8/4/2019,15:30:00,Take my horse down old town road,None,AB72,-96.64204341,30.43492587,43619.61344,3,3 Business Days
50000036,John Doe_,99999,123,ABC,New York,3610,999-999-10035,8/5/2019,8:00:00 AM,Take my horse down old town road,None,AB73,-96.89729947,30.27256274,43619.61344,9,More than 5 business days
50000037,John Doe_,99999,123,ABC,New York,3610,999-999-10036,8/6/2019,10:30:00 AM,Take my horse down old town road,None,AB74,-97.22466814,30.17174369,43619.61344,3,3 Business Days
50000038,John Doe_,99999,123,ABC,New York,3610,999-999-10037,8/7/2019,8:00:00 AM,Take my horse down old town road,None,AB75,-96.94107051,30.25526219,43619.61344,0,Today
50000039,John Doe_,99999,123,ABC,New York,3610,999-999-10038,8/8/2019,15:30:00,Take my horse down old town road,None,AB76,-96.665497,30.67915741,43619.61344,1,Next Business Day
50000040,Jane Doe_,99999,123,ABC,Dallas,3610,999-999-10039,8/9/2019,8:30:00 AM,Take my horse down old town road,None,AB77,-96.73215585,30.47023144,43619.61344,1,Next Business Day
50000041,Jane Doe_,99999,123,ABC,Dallas,3610,999-999-10040,8/10/2019,8:30:00 AM,Take my horse down old town road,None,AB78,-97.20582934,30.41816692,43619.61344,2,2 Business Days
50000042,Jane Doe_,99999,123,ABC,Dallas,3610,999-999-10041,8/11/2019,13:30:00,Take my horse down old town road,None,AB79,-96.50055774,30.20614998,43619.61344,4,4 Business Days
50000043,Jane Doe_,99999,123,ABC,Dallas,3610,999-999-10042,8/12/2019,15:30:00,Take my horse down old town road,None,AB80,-97.32025962,30.39438802,43619.61344,5,5 Business Days
50000044,Jane Doe_,99999,123,ABC,Dallas,3610,999-999-10043,8/13/2019,8:30:00 AM,Take my horse down old town road,None,AB81,-96.32886318,30.26050571,43619.61344,6,More than 5 business days
50000045,Jane Doe_,99999,123,ABC,Dallas,3610,999-999-10044,8/14/2019,8:30:00 AM,Take my horse down old town road,None,AB82,-96.6433504,30.32480339,43619.61344,6,More than 5 business days
50000046,Jane Doe_,99999,123,ABC,Dallas,3610,999-999-10045,8/15/2019,15:30:00,Take my horse down old town road,None,AB83,-97.1192567,30.40068253,43619.61344,5,5 Business Days
50000047,Jane Doe_,99999,123,ABC,Dallas,3610,999-999-10046,8/16/2019,10:30:00 AM,Take my horse down old town road,None,AB84,-96.58894822,30.34254551,43619.61344,9,More than 5 business days
50000048,Jane Doe_,99999,123,ABC,Dallas,3610,999-999-10047,8/17/2019,10:30:00 AM,Take my horse down old town road,None,AB85,-96.40764031,30.32718766,43619.61344,3,3 Business Days
50000049,Jane Doe_,99999,123,ABC,Dallas,3610,999-999-10048,8/18/2019,13:30:00,Take my horse down old town road,None,CD65,-96.8475193,30.54789213,43619.61344,6,More than 5 business days
50000050,Jane Doe_,99999,123,ABC,Dallas,3610,999-999-10049,8/19/2019,15:30:00,Take my horse down old town road,None,CD66,-97.48813218,30.15509323,43619.61344,1,Next Business Day
50000051,Jane Doe_,99999,123,ABC,Dallas,3610,999-999-10050,8/20/2019,10:30:00 AM,Take my horse down old town road,None,CD67,-97.20686368,29.9023623,43619.61344,4,4 Business Days
50000052,Jane Doe_,99999,123,ABC,Dallas,3610,999-999-10051,8/21/2019,10:30:00 AM,Take my horse down old town road,None,CD68,-96.64604989,30.32704852,43619.61344,6,More than 5 business days
50000053,Jane Doe_,99999,123,ABC,Dallas,3610,999-999-10052,8/22/2019,13:30:00,Take my horse down old town road,None,CD69,-97.65416299,30.00500942,43619.61344,10,More than 5 business days
50000054,Jane Doe_,99999,123,ABC,Dallas,3610,999-999-10053,8/23/2019,15:30:00,Take my horse down old town road,None,CD70,-97.33371149,30.1382938,43619.61344,1,Next Business Day
50000055,Jane Doe_,99999,123,ABC,Dallas,3610,999-999-10054,8/24/2019,8:30:00 AM,Take my horse down old town road,None,CD71,-97.42817443,30.17712628,43619.61344,5,5 Business Days
50000056,Jane Doe_,99999,123,ABC,Dallas,3610,999-999-10055,8/25/2019,8:30:00 AM,Take my horse down old town road,None,CD72,-97.29781057,30.31480313,43619.61344,3,3 Business Days
50000057,Jane Doe_,99999,123,ABC,Dallas,3610,999-999-10056,8/26/2019,13:30:00,Take my horse down old town road,None,CD73,-97.01406742,30.01176464,43619.61344,6,More than 5 business days
50000058,Jane Doe_,99999,123,ABC,Dallas,3610,999-999-10057,8/27/2019,13:30:00,Take my horse down old town road,None,CD74,-97.89903264,29.82278337,43619.61344,1,Next Business Day
50000059,Jane Doe_,99999,123,ABC,Dallas,3610,999-999-10058,8/28/2019,8:30:00 AM,Take my horse down old town road,None,CD75,-96.56988901,30.35528664,43619.61344,7,More than 5 business days
50000060,Jane Doe_,99999,123,ABC,Dallas,3610,999-999-10059,8/29/2019,13:30:00,Take my horse down old town road,None,CD76,-97.53437519,29.92216215,43619.61344,2,2 Business Days
50000061,Jane Doe_,99999,123,ABC,Dallas,3610,999-999-10060,8/30/2019,15:30:00,Take my horse down old town road,None,CD77,-97.59757488,30.05699844,43619.61344,2,2 Business Days
50000062,Jane Doe_,99999,123,ABC,Dallas,3610,999-999-10061,8/31/2019,13:30:00,Take my horse down old town road,None,CD78,-97.59690477,30.11166382,43619.61344,2,2 Business Days
50000063,Jane Doe_,99999,123,ABC,Dallas,3610,999-999-10062,9/1/2019,15:30:00,Take my horse down old town road,None,CD79,-97.71474096,29.789746,43619.61344,2,2 Business Days
50000064,Jane Doe_,99999,123,ABC,Dallas,3610,999-999-10063,9/2/2019,10:30:00 AM,Take my horse down old town road,None,CD80,-97.31262251,30.08655491,43619.61344,1,Next Business Day
50000065,Jane Doe_,99999,123,ABC,Dallas,3610,999-999-10064,9/3/2019,8:30:00 AM,Take my horse down old town road,None,CD81,-97.22782615,30.1702455,43619.61344,8,More than 5 business days
50000066,Jane Doe_,99999,123,ABC,Dallas,3610,999-999-10065,9/4/2019,10:30:00 AM,Take my horse down old town road,None,CD82,-97.39007997,30.23140467,43619.61344,11,More than 5 business days
50000067,Jane Doe_,99999,123,ABC,Dallas,3610,999-999-10066,9/5/2019,24:30:00,Take my horse down old town road,None,CD83,-96.13242573,30.25299239,43619.61344,9,More than 5 business days
50000068,Jane Doe_,99999,123,ABC,Dallas,3610,999-999-10067,9/6/2019,15:30:00,Take my horse down old town road,None,CD84,-97.38318444,30.07261062,43619.61344,3,3 Business Days
50000069,Jane Doe_,99999,123,ABC,Dallas,3610,999-999-10068,9/7/2019,15:30:00,Take my horse down old town road,None,CD85,-96.50169318,29.97530621,43619.61344,2,2 Business Days
50000070,Jane Doe_,99999,123,ABC,Dallas,3610,999-999-10069,9/8/2019,8:30:00 AM,Take my horse down old town road,None,CD86,-97.58847182,29.98135863,43619.61344,2,2 Business Days
50000071,Jane Doe_,99999,123,ABC,Dallas,3610,999-999-10070,9/9/2019,10:30:00 AM,Take my horse down old town road,None,CD87,-96.4431881,30.04386809,43619.61344,7,More than 5 business days
50000072,Jane Doe_,99999,123,ABC,Dallas,3610,999-999-10071,9/10/2019,10:30:00 AM,Take my horse down old town road,None,CD88,-96.91809679,30.30437902,43619.61344,7,More than 5 business days
50000073,Jane Doe_,99999,123,ABC,Dallas,3610,999-999-10072,9/11/2019,8:30:00 AM,Take my horse down old town road,None,CD89,-97.47608959,30.07186437,43619.61344,3,3 Business Days
50000074,Jane Doe_,99999,123,ABC,Dallas,3610,999-999-10073,9/12/2019,8:30:00 AM,Take my horse down old town road,None,CD90,-96.23829992,30.17442713,43619.61344,6,More than 5 business days
50000075,Jane Doe_,99999,123,ABC,Dallas,3610,999-999-10074,9/13/2019,10:30:00 AM,Take my horse down old town road,None,CD91,-97.54305059,30.10995774,43619.61344,2,2 Business Days
50000076,Jane Doe_,99999,123,ABC,Dallas,3610,999-999-10075,9/14/2019,13:30:00,Take my horse down old town road,None,CD92,-97.642676,30.00521967,43619.61344,3,3 Business Days
50000077,Jane Doe_,99999,123,ABC,Dallas,3610,999-999-10076,9/15/2019,13:30:00,Take my horse down old town road,None,CD93,-97.59235932,30.18920025,43619.61344,4,4 Business Days
50000078,Jane Doe_,99999,123,ABC,Dallas,3610,999-999-10077,9/16/2019,8:30:00 AM,Take my horse down old town road,None,CD94,-96.288299,30.28647278,43619.61344,7,More than 5 business days
50000079,Jane Doe_,99999,123,ABC,Dallas,3610,999-999-10078,9/17/2019,10:30:00 AM,Take my horse down old town road,None,CD95,-97.63255904,29.95428176,43619.61344,3,3 Business Days
50000080,Jane Doe_,99999,123,ABC,Dallas,3610,999-999-10079,9/18/2019,8:30:00 AM,Take my horse down old town road,None,CD96,-96.98987119,29.98934221,43619.61344,6,More than 5 business days
50000081,Jane Doe_,99999,123,ABC,Dallas,3610,999-999-10080,9/19/2019,8:30:00 AM,Take my horse down old town road,None,CD97,-97.44635854,29.95967368,43619.61344,6,More than 5 business days
50000082,Jane Doe_,99999,324,ABC,Dallas,3610,999-999-10081,9/20/2019,10:30:00 AM,Take my horse down old town road,None,CD98,-97.47394831,30.22865039,43619.61344,5,5 Business Days
50000083,Jane Doe_,99999,123,ABC,Dallas,3610,999-999-10082,9/21/2019,10:30:00 AM,Take my horse down old town road,Johnny Boi,CD99,-97.18616553,30.37136664,43619.61344,0,Today
50000084,Jane Doe_,99999,123,ABC,Dallas,3610,999-999-10083,9/22/2019,7:00:00 AM,Take my horse down old town road,None,CD100,-97.59999315,30.05866228,43619.61344,4,4 Business Days
50000085,Jane Doe_,99999,124,ABC,Dallas,3610,999-999-10084,9/23/2019,7:00:00 AM,Take my horse down old town road,None,CD101,-97.19633495,30.09739342,43619.61344,2,2 Business Days
50000086,Jane Doe_,99999,123,ABC,Dallas,3610,999-999-10085,9/24/2019,10:30:00 AM,Take my horse down old town road,None,CD102,-97.51395744,30.30738542,43619.61344,6,More than 5 business days
50000087,Jane Doe_,99999,123,ABC,Dallas,3610,999-999-10086,9/25/2019,8:30:00 AM,Take my horse down old town road,None,CD103,-97.26536963,30.07698381,43619.61344,1,Next Business Day
50000088,Jane Doe_,99999,234,ABC,Dallas,3610,999-999-10087,9/26/2019,8:30:00 AM,Take my horse down old town road,None,CD104,-97.4733852,30.11881684,43619.61344,6,More than 5 business days
50000089,Jane Doe_,99999,123,ABC,Dallas,3610,999-999-10088,9/27/2019,15:30:00,Take my horse down old town road,None,CD105,-96.49466276,30.32145637,43619.61344,3,3 Business Days
50000090,Jane Doe_,99999,123,ABC,Dallas,3610,999-999-10089,9/28/2019,8:30:00 AM,Take my horse down old town road,None,CD106,-97.71783784,29.77804864,43619.61344,2,2 Business Days
50000091,Jane Doe_,99999,123,ABC,Dallas,3610,999-999-10090,9/29/2019,8:30:00 AM,Take my horse down old town road,None,CD107,-97.89718708,29.82782897,43619.61344,11,More than 5 business days
50000092,Jane Doe_,99999,324,ABC,Dallas,3610,999-999-10091,9/30/2019,8:30:00 AM,Take my horse down old town road,None,CD108,-96.87259527,30.23332764,43619.61344,10,More than 5 business days
50000093,Jane Doe_,99999,123,ABC,Dallas,3610,999-999-10092,10/1/2019,13:30:00,Take my horse down old town road,None,CD109,-96.45518681,30.25022657,43619.61344,11,More than 5 business days
50000094,Jane Doe_,99999,123,ABC,Dallas,3610,999-999-10093,10/2/2019,15:30:00,Take my horse down old town road,None,CD110,-97.23628188,30.48677089,43619.61344,2,2 Business Days
50000095,Jane Doe_,99999,123,ABC,Dallas,3610,999-999-10094,10/3/2019,13:30:00,Take my horse down old town road,None,CD111,-96.98107885,30.36128304,43619.61344,4,4 Business Days
50000096,Jane Doe_,99999,123,ABC,Dallas,3610,999-999-10095,10/4/2019,15:30:00,Take my horse down old town road,None,CD112,-97.720411,30.15436778,43619.61344,7,More than 5 business days
50000097,Jane Doe_,99999,234,ABC,Dallas,3610,999-999-10096,10/5/2019,13:30:00,Take my horse down old town road,None,CD113,-97.63767528,30.06331457,43619.61344,7,More than 5 business days
50000098,Jane Doe_,99999,123,ABC,Dallas,3610,999-999-10097,10/6/2019,13:30:00,Take my horse down old town road,None,CD114,-96.62522016,30.48588085,43619.61344,0,Today
50000099,Jane Doe_,99999,123,ABC,Dallas,3610,999-999-10098,10/7/2019,13:30:00,Take my horse down old town road,None,CD115,-96.1859562,30.2198131,43619.61344,0,Today
50000100,Jane Doe_,99999,123,ABC,Dallas,3610,999-999-10099,10/8/2019,10:30:00 AM,Take my horse down old town road,None,CD116,-96.47895089,30.11580853,43619.61344,0,Today
50000101,Jane Doe_,99999,123,ABC,Dallas,3610,999-999-10100,10/9/2019,8:30:00 AM,Take my horse down old town road,None,CD117,-97.42792552,30.23996749,43619.61344,5,5 Business Days
50000102,Jane Doe_,99999,123,ABC,Dallas,3610,999-999-10101,10/10/2019,8:30:00 AM,Take my horse down old town road,None,CD118,-97.25484002,30.06156206,43619.61344,1,Next Business Day
50000103,Jane Doe_,99999,123,ABC,Dallas,3610,999-999-10102,10/11/2019,10:30:00 AM,Take my horse down old town road,None,CD119,-96.82292631,30.35794139,43619.61344,6,More than 5 business days
50000104,Jane Doe_,99999,123,ABC,Dallas,3610,999-999-10103,10/12/2019,10:30:00 AM,Take my horse down old town road,None,CD120,-97.07858027,30.15100693,43619.61344,8,More than 5 business days
50000105,Jane Doe_,99999,123,ABC,Dallas,3610,999-999-10104,10/13/2019,13:30:00,Take my horse down old town road,None,CD121,-97.20425447,30.15324853,43619.61344,8,More than 5 business days
50000106,Jane Doe_,99999,3,ABC,Dallas,3610,999-999-10105,10/14/2019,13:30:00,Take my horse down old town road,None,CD122,-97.30457408,30.02422327,43619.61344,1,Next Business Day
50000107,Jane Doe_,99999,123,ABC,Dallas,3610,999-999-10106,10/15/2019,13:30:00,Take my horse down old town road,None,CD123,-96.88669836,30.54453604,43619.61344,4,4 Business Days
50000108,Jane Doe_,99999,123,ABC,Dallas,3610,999-999-10107,10/16/2019,15:30:00,Take my horse down old town road,None,CD124,-97.59439457,30.16487982,43619.61344,4,4 Business Days
50000109,Jane Doe_,99999,123,ABC,Dallas,3610,999-999-10108,10/17/2019,15:30:00,Take my horse down old town road,None,CD125,-97.3139142,30.32335428,43619.61344,2081877,9999 Year
50000110,Jane Doe_,99999,123,ABC,Dallas,3610,999-999-10109,10/18/2019,15:30:00,Take my horse down old town road,None,CD126,-96.78796314,30.45279367,43619.61344,11,More than 5 business days
50000111,Jane Doe_,99999,123,ABC,Dallas,3610,999-999-10110,10/19/2019,15:30:00,Take my horse down old town road,None,CD127,-96.64833659,30.13268217,43619.61344,10,More than 5 business days
50000112,Jane Doe_,99999,123,ABC,Dallas,3610,999-999-10111,10/20/2019,15:30:00,Take my horse down old town road,None,CD128,-96.42269084,30.24934263,43619.61344,12,More than 5 business days
50000113,Jane Doe_,99999,123,ABC,Dallas,3610,999-999-10112,10/21/2019,8:30:00 AM,Take my horse down old town road,None,CD129,-97.45641466,30.12274869,43619.61344,3,3 Business Days
50000114,Jane Doe_,99999,123,ABC,Dallas,3610,999-999-10113,10/22/2019,10:30:00 AM,Take my horse down old town road,None,CD130,-97.89745391,29.82762665,43619.61344,1,Next Business Day
50000115,Jane Doe_,99999,123,ABC,Dallas,3610,999-999-10114,10/23/2019,13:30:00,Take my horse down old town road,None,CD131,-97.59265383,30.1667949,43619.61344,4,4 Business Days
50000116,Jane Doe_,99999,123,ABC,Dallas,3610,999-999-10115,10/24/2019,15:30:00,Take my horse down old town road,None,CD132,-97.44697342,30.10775033,43619.61344,1,Next Business Day
,,,,,,,,,,,,,,,,,
,,,,,,,,,,,,,,,,,
,,,,,,,,,,,,,,,,,
,,,,,,,,,,,,,,,,,
,,,,,,,,,,,,,,,,,
,,,,,,,,,,,,,,,,,
,,,,,,,,,,,,,,,,,
,,,,,,,,,,,,,,,,,
,,,,,,,,,,,,,,,,,
,,,,,,,,,,,,,,,,,
,,,,,,,,,,,,,,,,,
,,,,,,,,,,,,,,,,,
,,,,,,,,,,,,,,,,,
